timestamp,exchange,bid,ask,last,taker_fee_bps,fee_baked_in,effective_ask
2026-04-14T00:16:20.275Z,coinspot,104500,104859.55,104800,0,true,104859.5500
2026-04-14T00:16:20.275Z,independentreserve,104701,104801.97,104802.99,50,false,105325.9798
2026-04-14T00:16:20.275Z,kraken,104766.1,104809.7,104707.5,26,false,105082.2052
2026-04-14T00:16:20.275Z,okx,104880.9,104888.9,105000,10,false,104993.7889
2026-04-14T00:16:20.275Z,pepperstone,104770.2,104974.1,104872.15,10,false,105079.0741
2026-04-14T00:16:20.275Z,swyftx,104288.70246964,105388.32906946,104838.51576955,0,true,105388.3291
2026-04-14T00:56:16.786Z,coinspot,104000.62,104524.49,104755.74,10,false,104629.0145
2026-04-14T00:56:16.786Z,independentreserve,104535,104605.8,104010.86,50,false,105128.8290
2026-04-14T00:56:16.786Z,kraken,104420.8,104526.9,104509.1,26,false,104798.6699
2026-04-14T00:56:16.786Z,okx,104685.2,104685.4,104922.6,10,false,104790.0854
2026-04-14T00:56:16.786Z,pepperstone,104580.5,104766.8,104673.65,10,false,104871.5668
2026-04-14T00:56:16.786Z,swyftx,104105.68497475,105203.12716571,104654.40607023,0,true,105203.1272
2026-04-14T01:02:48.156Z,coinspot,104000.01,104450.95,104004.91,10,false,104555.4009
2026-04-14T01:02:48.156Z,coinspot_instant,104000.01,104450.95,104004.91,100,false,105495.4595
2026-04-14T01:02:48.156Z,independentreserve,104358.05,104481,105029.48,50,false,105003.4050
2026-04-14T01:02:48.156Z,kraken,104379.2,104394.3,104320.4,26,false,104665.7252
2026-04-14T01:02:48.156Z,okx,104577,104577.1,104922.6,10,false,104681.6771
2026-04-14T01:02:48.156Z,pepperstone,104435.2,104626.2,104530.7,10,false,104730.8262
2026-04-14T01:02:48.156Z,swyftx,103976.82386112,105050.60053395,104513.712197535,0,true,105050.6005
2026-04-14T01:04:21.420Z,coinspot,104464.59,104576.76,104004.91,100,false,105622.5276
2026-04-14T01:04:21.420Z,independentreserve,104487.02,104501.47,104501.47,50,false,105023.9773
2026-04-14T01:04:21.420Z,kraken,104450.6,104478.9,104416.4,26,false,104750.5451
2026-04-14T01:04:21.420Z,okx,104667,104667.1,104922.6,10,false,104771.7671
2026-04-14T01:04:21.420Z,pepperstone,104551.7,104741.2,104646.45,10,false,104845.9412
2026-04-14T01:04:21.420Z,swyftx,104026.66120216,105108.39224879,104567.526725475,0,true,105108.3922
2026-04-14T03:06:59.280Z,coinspot,104701.04,104984.76,104700.77,100,false,106034.6076
2026-04-14T03:06:59.280Z,independentreserve,104854.01,104879.18,104780.01,50,false,105403.5759
2026-04-14T03:06:59.280Z,kraken,104906.6,104909.9,104875.2,26,false,105182.6657
2026-04-14T03:06:59.280Z,okx,105041.5,105041.6,105058.6,70,false,105776.8912
2026-04-14T03:06:59.280Z,pepperstone,104974.3,105164.7,105069.5,10,false,105269.8647
2026-04-14T03:06:59.280Z,swyftx,104478.74765796,105557.50942166,105018.12853981,0,true,105557.5094
2026-04-14T03:08:38.722Z,coinspot,104701.04,104984.67,104700.77,100,false,106034.5167
2026-04-14T03:08:38.722Z,independentreserve,104793.02,104878,104793.02,50,false,105402.3900
2026-04-14T03:08:38.722Z,kraken,104872.6,104892.1,104879.4,80,false,105731.2368
2026-04-14T03:08:38.722Z,okx,105032.3,105032.5,105058.6,70,false,105767.7275
2026-04-14T03:08:38.722Z,pepperstone,104919.7,105098.9,105009.29999999999,10,false,105203.9989
2026-04-14T03:08:38.722Z,swyftx,104456.83021266,105542.83001268,104999.83011267,0,true,105542.8300
2026-04-14T05:53:53.722Z,coinspot,104566.61,104800,104800,100,false,105848.0000
2026-04-14T05:53:53.722Z,independentreserve,104693.29,104787.99,104685.14,50,false,105311.9299
2026-04-14T05:53:53.722Z,kraken,104776.1,104809,104842.9,80,false,105647.4720
2026-04-14T05:53:53.722Z,okx,104919.4,104922.1,105029.9,70,false,105656.5547
2026-04-14T05:53:53.722Z,pepperstone,104802.6,104999.5,104901.05,10,false,105104.4995
2026-04-14T05:53:53.722Z,swyftx,104345.64006527,105430.44791391,104888.04398958999,0,true,105430.4479
2026-04-14T09:07:38.241Z,coinspot,105114.89,105210.2,105200,100,false,106262.3020
2026-04-14T09:07:38.241Z,independentreserve,105037.64,105091.99,105018.88,50,false,105617.4499
2026-04-14T09:07:38.241Z,kraken,105074.8,105146.7,105132.8,80,false,105987.8736
2026-04-14T09:07:38.241Z,okx,105190.9,105191,105351.6,70,false,105927.3370
2026-04-14T09:07:38.241Z,pepperstone,105090.5,105276.3,105183.4,10,false,105381.5763
2026-04-14T09:07:38.241Z,swyftx,104638.9811157,105720.24795155,105179.61453362499,0,true,105720.2480
2026-04-14T12:55:44.510Z,coinspot,104295.28,104295.29,104295.29,100,false,105338.2429
2026-04-14T12:55:44.510Z,independentreserve,104174.84,104217.69,104174.84,50,false,104738.7784
2026-04-14T12:55:44.510Z,kraken,104279.6,104338.7,104353.5,80,false,105173.4096
2026-04-14T12:55:44.510Z,okx,104353.5,104353.7,104355.6,70,false,105084.1759
2026-04-14T12:55:44.510Z,pepperstone,104262.5,104444.9,104353.7,10,false,104549.3449
2026-04-14T12:55:44.510Z,swyftx,103772.64300756,104845.95102064,104309.2970141,0,true,104845.9510
2026-04-14T16:53:40.075Z,coinspot,105000,105158.48,105000,100,false,106210.0648
2026-04-14T16:53:40.075Z,independentreserve,104747.01,104823,104834.9,50,false,105347.1150
2026-04-14T16:53:40.075Z,kraken,104885.3,104885.4,105159,80,false,105724.4832
2026-04-14T16:53:40.075Z,okx,104926.3,104926.4,104940,70,false,105660.8848
2026-04-14T16:53:40.075Z,pepperstone,104834,105029.5,104931.75,10,false,105134.5295
2026-04-14T16:53:40.075Z,swyftx,104528.59379937,105609.55592615,105069.07486276,0,true,105609.5559
2026-04-14T20:40:44.813Z,coinspot,104093.99,104141,104115.845532,100,false,105182.4100
2026-04-14T20:40:44.813Z,independentreserve,103958,104033.91,104010.98,50,false,104554.0795
2026-04-14T20:40:44.813Z,kraken,104016.1,104049.4,104109.6,80,false,104881.7952
2026-04-14T20:40:44.813Z,okx,104137.5,104137.7,103880,70,false,104866.6639
2026-04-14T20:40:44.813Z,pepperstone,104028.4,104226.7,104127.54999999999,10,false,104330.9267
2026-04-14T20:40:44.813Z,swyftx,103574.86245978,104653.2637876,104114.06312369,0,true,104653.2638
2026-04-15T01:15:46.837Z,coinspot,104497.43,104985.72,104453.65,100,false,106035.5772
2026-04-15T01:15:46.837Z,independentreserve,104694.35,104808.84,104715.04,50,false,105332.8842
2026-04-15T01:15:46.837Z,kraken,104790.9,104813.8,104879.6,80,false,105652.3104
2026-04-15T01:15:46.837Z,okx,104914.2,104914.3,104675.2,70,false,105648.7001
2026-04-15T01:15:46.837Z,pepperstone,104793.3,104977.1,104885.20000000001,10,false,105082.0771
2026-04-15T01:15:46.837Z,swyftx,104324.61419979,105403.32114542,104863.96767260501,0,true,105403.3211
2026-04-15T05:53:57.641Z,coinspot,103771.5,103917.53,103660,100,false,104956.7053
2026-04-15T05:53:57.641Z,independentreserve,103520.01,103587.65,103522.95,50,false,104105.5882
2026-04-15T05:53:57.641Z,kraken,103668.4,103674,103580,80,false,104503.3920
2026-04-15T05:53:57.641Z,okx,103730.8,103739.1,104252.3,70,false,104465.2737
2026-04-15T05:53:57.641Z,pepperstone,103618.7,103799.9,103709.29999999999,10,false,103903.6999
2026-04-15T05:53:57.641Z,swyftx,103178.64808434,104245.90356188,103712.27582311,0,true,104245.9036
2026-04-15T09:08:06.480Z,coinspot,103843.66,104017.92,104020.99,100,false,105058.0992
2026-04-15T09:08:06.480Z,independentreserve,103563.19,103661.99,104269.39,50,false,104180.3000
2026-04-15T09:08:06.480Z,kraken,103758.9,103780.3,103783.6,80,false,104610.5424
2026-04-15T09:08:06.480Z,okx,103788.7,103798.6,103100.4,70,false,104525.1902
2026-04-15T09:08:06.480Z,pepperstone,103655.3,103839.1,103747.20000000001,10,false,103942.9391
2026-04-15T09:08:06.480Z,swyftx,103221.9923935,104297.27574389,103759.634068695,0,true,104297.2757
2026-04-15T12:54:41.004Z,coinspot,104300,104400.99,104389.99,100,false,105444.9999
2026-04-15T12:54:41.004Z,independentreserve,104043.19,104102,104000.37,50,false,104622.5100
2026-04-15T12:54:41.004Z,kraken,104164.7,104180.1,104207.8,80,false,105013.5408
2026-04-15T12:54:41.004Z,okx,104184.3,104184.4,104125.6,70,false,104913.6908
2026-04-15T12:54:41.004Z,pepperstone,104058.3,104256.9,104157.6,10,false,104361.1569
2026-04-15T12:54:41.004Z,swyftx,103612.08086028,104691.35433216,104151.71759622,0,true,104691.3543
2026-04-15T16:51:02.229Z,coinspot,103214.44,103524.99,103696.99,100,false,104560.2399
2026-04-15T16:51:02.229Z,independentreserve,103242.29,103306.99,103152,50,false,103823.5249
2026-04-15T16:51:02.229Z,kraken,103337.8,103364.4,103349.2,80,false,104191.3152
2026-04-15T16:51:02.229Z,okx,103317,103319.8,103506.1,70,false,104043.0386
2026-04-15T16:51:02.229Z,pepperstone,103202.1,103389.3,103295.70000000001,10,false,103492.6893
2026-04-15T16:51:02.229Z,swyftx,102786.58138945,103850.80931167,103318.69535056001,0,true,103850.8093
2026-04-15T20:36:15.207Z,coinspot,104505.99,104550.99,104517.99,100,false,105596.4999
2026-04-15T20:36:15.207Z,independentreserve,104252.26,104337.77,104133.04,50,false,104859.4588
2026-04-15T20:36:15.207Z,kraken,104361.3,104422.4,104431.7,80,false,105257.7792
2026-04-15T20:36:15.207Z,okx,104378.1,104378.3,103506.1,70,false,105108.9481
2026-04-15T20:36:15.207Z,pepperstone,104261.1,104449.9,104355.5,10,false,104554.3499
2026-04-15T20:36:15.207Z,swyftx,103807.70583622,104882.65228523,104345.179060725,0,true,104882.6523
2026-04-16T01:20:31.572Z,coinspot,104001.5,104153.16,104000,100,false,105194.6916
2026-04-16T01:20:31.572Z,independentreserve,104028.01,104128,104067.06,50,false,104648.6400
2026-04-16T01:20:31.572Z,kraken,104153.8,104214.8,104184.8,80,false,105048.5184
2026-04-16T01:20:31.572Z,okx,104152.9,104153,104285.3,70,false,104882.0710
2026-04-16T01:20:31.572Z,pepperstone,104035.2,104221.5,104128.35,10,false,104325.7215
2026-04-16T01:20:31.572Z,swyftx,103553.41035889,104625.7614345,104089.585896695,0,true,104625.7614
2026-04-16T05:54:39.392Z,coinspot,104302.89,104652.93,104302.75,100,false,105699.4593
2026-04-16T05:54:39.392Z,independentreserve,104356.18,104433.99,104371.01,50,false,104956.1600
2026-04-16T05:54:39.392Z,kraken,104488,104488.1,104501.7,80,false,105324.0048
2026-04-16T05:54:39.392Z,okx,104420.3,104420.4,104719.1,70,false,105151.3428
2026-04-16T05:54:39.392Z,pepperstone,104302.6,104485,104393.8,10,false,104589.4850
2026-04-16T05:54:39.392Z,swyftx,103891.56326202,104975.63236817,104433.59781509501,0,true,104975.6324
2026-04-16T09:07:39.847Z,coinspot,104472.88,104486.4,104442.26,100,false,105531.2640
2026-04-16T09:07:39.847Z,independentreserve,104085.16,104151.99,104237.82,50,false,104672.7499
2026-04-16T09:07:39.847Z,kraken,104201.3,104201.4,104201.4,80,false,105035.0112
2026-04-16T09:07:39.847Z,okx,104150.4,104150.5,104232.8,70,false,104879.5535
2026-04-16T09:07:39.847Z,pepperstone,104046.7,104227.2,104136.95,10,false,104331.4272
2026-04-16T09:07:39.847Z,swyftx,103579.70631488,104652.47514066,104116.09072777,0,true,104652.4751
2026-04-16T12:59:29.250Z,coinspot,104250,104418.46,104424.69615298,100,false,105462.6446
2026-04-16T12:59:29.250Z,independentreserve,104020.1,104113.99,104113.92,50,false,104634.5599
2026-04-16T12:59:29.250Z,kraken,104120.8,104137.6,104085,80,false,104970.7008
2026-04-16T12:59:29.250Z,okx,104106.4,104106.6,104069,70,false,104835.3462
2026-04-16T12:59:29.250Z,pepperstone,103973.2,104158.1,104065.65,10,false,104262.2581
2026-04-16T12:59:29.250Z,swyftx,103521.62559027,104593.73841176,104057.682001015,0,true,104593.7384
2026-04-16T17:01:19.077Z,coinspot,103890,103955.34,103962.785,100,false,104994.8934
2026-04-16T17:01:19.077Z,independentreserve,103614.03,103713.99,104080,50,false,104232.5599
2026-04-16T17:01:19.077Z,kraken,103654.4,103697.3,103692.7,80,false,104526.8784
2026-04-16T17:01:19.077Z,okx,103677.4,103677.5,104042.7,70,false,104403.2425
2026-04-16T17:01:19.077Z,pepperstone,103540.7,103739.8,103640.25,10,false,103843.5398
2026-04-16T17:01:19.077Z,swyftx,103146.11944042,104221.24729877,103683.683369595,0,true,104221.2473
2026-04-16T20:37:06.515Z,coinspot,104806.61,104932.33,104999.97,100,false,105981.6533
2026-04-16T20:37:06.515Z,independentreserve,104667,104739,104715.97,50,false,105262.6950
2026-04-16T20:37:06.515Z,kraken,104816.1,104846.5,104921.8,80,false,105685.2720
2026-04-16T20:37:06.515Z,okx,104826.3,104826.4,105000,70,false,105560.1848
2026-04-16T20:37:06.515Z,pepperstone,104717.7,104897.8,104807.75,10,false,105002.6978
2026-04-16T20:37:06.515Z,swyftx,104246.20357964,105325.39674552,104785.80016258001,0,true,105325.3967
2026-04-17T01:18:17.670Z,coinspot,104700,104850.32,104700,100,false,105898.8232
2026-04-17T01:18:17.670Z,independentreserve,104465.01,104548.95,104553.44,50,false,105071.6947
2026-04-17T01:18:17.670Z,kraken,104630.3,104666.2,104657.7,80,false,105503.5296
2026-04-17T01:18:17.670Z,okx,104617.7,104617.9,104742.2,70,false,105350.2253
2026-04-17T01:18:17.670Z,pepperstone,104510,104708,104609,10,false,104812.7080
2026-04-17T01:18:17.670Z,swyftx,104051.72700752,105128.96202609,104590.344516805,0,true,105128.9620
2026-04-17T05:56:59.825Z,coinspot,104188.9,104188.91,104188.91,100,false,105230.7991
2026-04-17T05:56:59.825Z,independentreserve,104023,104090.92,104090.93,50,false,104611.3746
2026-04-17T05:56:59.825Z,kraken,104179.6,104195.1,104241.8,80,false,105028.6608
2026-04-17T05:56:59.825Z,okx,104153.8,104161.8,104480.2,70,false,104890.9326
2026-04-17T05:56:59.825Z,pepperstone,104050.9,104243.3,104147.1,10,false,104347.5433
2026-04-17T05:56:59.825Z,swyftx,103621.08407506,104694.0980492,104157.59106213,0,true,104694.0980
2026-04-17T09:06:50.556Z,coinspot,105065.68,105498,105499,100,false,106552.9800
2026-04-17T09:06:50.556Z,independentreserve,105359,105423.97,105338.9,50,false,105951.0898
2026-04-17T09:06:50.556Z,kraken,105523.5,105548.8,105494.6,80,false,106393.1904
2026-04-17T09:06:50.556Z,okx,105470.8,105471,104557,70,false,106209.2970
2026-04-17T09:06:50.556Z,pepperstone,105374.4,105556.1,105465.25,10,false,105661.6561
2026-04-17T09:06:50.556Z,swyftx,104824.24694995,105910.1100278,105367.178488875,0,true,105910.1100
2026-04-17T12:51:28.354Z,coinspot,105250,105662.9,105700,100,false,106719.5290
2026-04-17T12:51:28.354Z,independentreserve,105480.01,105558.99,105774,50,false,106086.7850
2026-04-17T12:51:28.354Z,kraken,105614.6,105647.1,105762.8,80,false,106492.2768
2026-04-17T12:51:28.354Z,okx,105540.5,105557.1,105024.7,70,false,106295.9997
2026-04-17T12:51:28.354Z,pepperstone,105453.8,105654.5,105554.15,10,false,105760.1545
2026-04-17T12:51:28.354Z,swyftx,105091.06358738,106180.77484707,105635.919217225,0,true,106180.7748
2026-04-17T16:40:18.417Z,coinspot,108263.47,108500,108500,100,false,109585.0000
2026-04-17T16:40:18.417Z,independentreserve,108667.04,108751.99,108572.38,50,false,109295.7499
2026-04-17T16:40:18.417Z,kraken,108842.3,108875,108917.2,80,false,109746.0000
2026-04-17T16:40:18.417Z,okx,108830.3,108830.4,108750,70,false,109592.2128
2026-04-17T16:40:18.417Z,pepperstone,108747,108928.5,108837.75,10,false,109037.4285
2026-04-17T16:40:18.417Z,swyftx,108278.78441881,109408.55273944,108843.66857912499,0,true,109408.5527
2026-04-17T20:33:17.358Z,coinspot,107426.75,107951.88,107735.68,100,false,109031.3988
2026-04-17T20:33:17.358Z,independentreserve,107525,107625.99,107770.01,50,false,108164.1199
2026-04-17T20:33:17.358Z,kraken,107760.1,107788.4,107985.4,80,false,108650.7072
2026-04-17T20:33:17.358Z,okx,107745.3,107746.5,107897.3,70,false,108500.7255
2026-04-17T20:33:17.358Z,pepperstone,107637.7,107837.2,107737.45,10,false,107945.0372
2026-04-17T20:33:17.358Z,swyftx,107119.13170351,108228.29270245,107673.71220298,0,true,108228.2927
2026-04-18T01:11:40.872Z,coinspot,107939.44,108050,107939.44,100,false,109130.5000
2026-04-18T01:11:40.872Z,independentreserve,107608.59,107738.99,107738.99,50,false,108277.6849
2026-04-18T01:11:40.872Z,kraken,107844.4,107855.9,107794.6,80,false,108718.7472
2026-04-18T01:11:40.872Z,okx,107581.5,108004.3,107897.3,70,false,108760.3301
2026-04-18T01:11:40.872Z,pepperstone,107569.8,108179.7,107874.75,10,false,108287.8797
2026-04-18T01:11:40.872Z,swyftx,107225.39299667,108490.8012113,107858.097103985,0,true,108490.8012
2026-04-18T05:28:07.901Z,coinspot,107682.17,107750,107750,100,false,108827.5000
2026-04-18T05:28:07.901Z,independentreserve,107556.21,107739.55,108273.4,50,false,108278.2477
2026-04-18T05:28:07.901Z,kraken,107692.6,107692.7,107692,80,false,108554.2416
2026-04-18T05:28:07.901Z,okx,107579.1,107887.5,108009.8,70,false,108642.7125
2026-04-18T05:28:07.901Z,pepperstone,107723.8,107908.3,107816.05,10,false,108016.2083
2026-04-18T05:28:07.901Z,swyftx,107175.18372998,108431.98190842,107803.5828192,0,true,108431.9819
2026-04-18T08:35:09.848Z,coinspot,107040.49,107050,107090,100,false,108120.5000
2026-04-18T08:35:09.848Z,independentreserve,107000,107032.79,107180.87,50,false,107567.9539
2026-04-18T08:35:09.848Z,kraken,106956.2,106956.3,107000,80,false,107811.9504
2026-04-18T08:35:09.848Z,okx,106750,107043.8,107745.7,70,false,107793.1066
2026-04-18T08:35:09.848Z,pepperstone,106883.2,107083.7,106983.45,10,false,107190.7837
2026-04-18T08:35:09.848Z,swyftx,106407.45398345,107662.94093416,107035.19745880499,0,true,107662.9409
2026-04-18T12:33:55.227Z,coinspot,106234.75,106592.22,106586.6,100,false,107658.1422
2026-04-18T12:33:55.227Z,independentreserve,106332.98,106439.69,106439.7,50,false,106971.8884
2026-04-18T12:33:55.227Z,kraken,106377,106401.8,106318.7,80,false,107253.0144
2026-04-18T12:33:55.227Z,okx,106187.8,106540.8,106555.4,70,false,107286.5856
2026-04-18T12:33:55.227Z,pepperstone,106440.6,106644.3,106542.45000000001,10,false,106750.9443
2026-04-18T12:33:55.227Z,swyftx,105886.23272525,107135.3640912,106510.798408225,0,true,107135.3641
2026-04-18T16:25:28.030Z,coinspot,106039.03,106493.31,106250,100,false,107558.2431
2026-04-18T16:25:28.030Z,independentreserve,106110.34,106262.97,106473.56,50,false,106794.2848
2026-04-18T16:25:28.030Z,kraken,106153.5,106197.2,106140.9,80,false,107046.7776
2026-04-18T16:25:28.030Z,okx,105986.6,106320,106119,70,false,107064.2400
2026-04-18T16:25:28.030Z,pepperstone,106103.5,106293,106198.25,10,false,106399.2930
2026-04-18T16:25:28.030Z,swyftx,105570.22222886,106816.00861353,106193.11542119499,0,true,106816.0086
2026-04-18T20:23:04.760Z,coinspot,105547.55,105998.95,105861.37,100,false,107058.9395
2026-04-18T20:23:04.760Z,independentreserve,105578.84,105689.93,105630.86,50,false,106218.3796
2026-04-18T20:23:04.760Z,kraken,105626.6,105659.2,105698,80,false,106504.4736
2026-04-18T20:23:04.760Z,okx,105588.1,105813.4,105625,70,false,106554.0938
2026-04-18T20:23:04.760Z,pepperstone,105606.6,105791.1,105698.85,10,false,105896.8911
2026-04-18T20:23:04.760Z,swyftx,105079.69535231,106312.03704243,105695.86619737,0,true,106312.0370
2026-04-19T01:20:45.214Z,coinspot,105700,105705,105705,100,false,106762.0500
2026-04-19T01:20:45.214Z,independentreserve,105549.06,105680,104646.21,50,false,106208.4000
2026-04-19T01:20:45.214Z,kraken,105614.6,105614.7,105614.7,80,false,106459.6176
2026-04-19T01:20:45.214Z,okx,105588.1,105711.5,105703.5,70,false,106451.4805
2026-04-19T01:20:45.214Z,pepperstone,105529.8,105715.7,105622.75,10,false,105821.4157
2026-04-19T01:20:45.214Z,swyftx,104991.20438736,106230.09973705,105610.652062205,0,true,106230.0997
2026-04-19T05:51:53.613Z,coinspot,105500,105821.54,105900.46,100,false,106879.7554
2026-04-19T05:51:53.613Z,independentreserve,105441.95,105624.5,105621.6,50,false,106152.6225
2026-04-19T05:51:53.613Z,kraken,105494.3,105524.1,105548.7,80,false,106368.2928
2026-04-19T05:51:53.613Z,okx,105468.1,105661.5,105691.9,70,false,106401.1305
2026-04-19T05:51:53.613Z,pepperstone,105518.3,105701.4,105609.85,10,false,105807.1014
2026-04-19T05:51:53.613Z,swyftx,105001.833558,106240.70598972,105621.26977386,0,true,106240.7060
2026-04-19T08:40:29.589Z,coinspot,104999,105294.22,104999,100,false,106347.1622
2026-04-19T08:40:29.589Z,independentreserve,104876.12,105112.31,105140.43,50,false,105637.8715
2026-04-19T08:40:29.589Z,kraken,104953.9,105000.3,104921.8,80,false,105840.3024
2026-04-19T08:40:29.589Z,okx,104829.3,105167.8,104956.4,70,false,105903.9746
2026-04-19T08:40:29.589Z,pepperstone,101794.8,108142.6,104968.70000000001,10,false,108250.7426
2026-04-19T08:40:29.589Z,swyftx,104473.71895599,105706.30224406,105090.01060002501,0,true,105706.3022
2026-04-19T12:32:46.914Z,coinspot,105750,105774.87,105782.48,100,false,106832.6187
2026-04-19T12:32:46.914Z,independentreserve,105296.49,105530.58,105544.5,50,false,106058.2329
2026-04-19T12:32:46.914Z,kraken,105441.2,105479.5,105476.8,80,false,106323.3360
2026-04-19T12:32:46.914Z,okx,105287.4,105590,105509.9,70,false,106329.1300
2026-04-19T12:32:46.914Z,pepperstone,105453.6,105640.7,105547.15,10,false,105746.3407
2026-04-19T12:32:46.914Z,swyftx,104905.29604529,106142.97103151,105524.1335384,0,true,106142.9710
2026-04-19T16:25:24.369Z,coinspot,105622.19,105903.2,106131.5,100,false,106962.2320
2026-04-19T16:25:24.369Z,independentreserve,105555.05,105783.26,105565.6,50,false,106312.1763
2026-04-19T16:25:24.369Z,kraken,105646.7,105675,105662.3,80,false,106520.4000
2026-04-19T16:25:24.369Z,okx,105456.9,105779.3,105770.8,70,false,106519.7551
2026-04-19T16:25:24.369Z,pepperstone,105635.3,105820.6,105727.95000000001,10,false,105926.4206
2026-04-19T16:25:24.369Z,swyftx,105063.94428861,106371.92734373,105717.93581617001,0,true,106371.9273
2026-04-19T20:23:41.060Z,coinspot,104500,104505,104505,100,false,105550.0500
2026-04-19T20:23:41.060Z,independentreserve,104228.86,104476.92,104554.64,50,false,104999.3046
2026-04-19T20:23:41.060Z,kraken,104317.4,104329.2,104358.8,80,false,105163.8336
2026-04-19T20:23:41.060Z,okx,104492.2,105389.6,105792.9,70,false,106127.3272
2026-04-19T20:23:41.060Z,pepperstone,104867,105067.3,104967.15,10,false,105172.3673
2026-04-19T20:23:41.060Z,swyftx,104110.76982029,105824.84915194,104967.809486115,0,true,105824.8492
2026-04-20T01:20:35.159Z,coinspot,103852.41,103999,103999,100,false,105038.9900
2026-04-20T01:20:35.159Z,independentreserve,103885.07,103984.88,103857.19,50,false,104504.8044
2026-04-20T01:20:35.159Z,kraken,103987.1,104014.3,103987,80,false,104846.4144
2026-04-20T01:20:35.159Z,okx,103763.8,104179.7,103914,70,false,104908.9579
2026-04-20T01:20:35.159Z,pepperstone,103824.3,104040.8,103932.55,10,false,104144.8408
2026-04-20T01:20:35.159Z,swyftx,103493.59635848,104564.39812576,104028.99724212001,0,true,104564.3981
2026-04-20T06:07:26.588Z,coinspot,103999,104320.47,104250,100,false,105363.6747
2026-04-20T06:07:26.588Z,independentreserve,104030,104066.82,104002.95,50,false,104587.1541
2026-04-20T06:07:26.588Z,kraken,104136.4,104166.8,104166.5,80,false,105000.1344
2026-04-20T06:07:26.588Z,okx,104133.8,104133.9,103762.1,70,false,104862.8373
2026-04-20T06:07:26.588Z,pepperstone,104022.4,104203.1,104112.75,10,false,104307.3031
2026-04-20T06:07:26.588Z,swyftx,103555.50585545,104626.985081,104091.24546822501,0,true,104626.9851
2026-04-20T09:30:32.976Z,coinspot,104739.15,104998.99,104999,100,false,106048.9799
2026-04-20T09:30:32.976Z,independentreserve,104926.63,104944,104900,50,false,105468.7200
2026-04-20T09:30:32.976Z,kraken,104962.3,104985.9,104996.6,80,false,105825.7872
2026-04-20T09:30:32.976Z,okx,104943.6,104948.1,104354.3,70,false,105682.7367
2026-04-20T09:30:32.976Z,pepperstone,104817.5,105019.1,104918.3,10,false,105124.1191
2026-04-20T09:30:32.976Z,swyftx,104387.09782706,105467.32851095,104927.213169005,0,true,105467.3285
2026-04-20T13:00:00.650Z,coinspot,105200,105476.99,105434.99,100,false,106531.7599
2026-04-20T13:00:00.650Z,independentreserve,105190.01,105265.98,105265.98,50,false,105792.3099
2026-04-20T13:00:00.650Z,kraken,105272.5,105272.6,105272.6,80,false,106114.7808
2026-04-20T13:00:00.650Z,okx,105243.8,105243.9,104354.3,70,false,105980.6073
2026-04-20T13:00:00.650Z,pepperstone,105142.6,105320.2,105231.4,10,false,105425.5202
2026-04-20T13:00:00.650Z,swyftx,104677.21410018,105760.70403798,105218.95906908001,0,true,105760.7040
2026-04-20T16:51:50.247Z,coinspot,104933.83,105315.56,105193.07,100,false,106368.7156
2026-04-20T16:51:50.247Z,independentreserve,105096.01,105160,105070.19,50,false,105685.8000
2026-04-20T16:51:50.247Z,kraken,105162.7,105197.7,105225.2,80,false,106039.2816
2026-04-20T16:51:50.247Z,okx,105118.1,105118.2,105482,70,false,105854.0274
2026-04-20T16:51:50.247Z,pepperstone,105014.5,105198.2,105106.35,10,false,105303.3982
2026-04-20T16:51:50.247Z,swyftx,104547.20774925,105629.88672697,105088.54723811,0,true,105629.8867
2026-04-20T20:33:55.008Z,coinspot,106042.89,106499.99,106498.24,100,false,107564.9899
2026-04-20T20:33:55.008Z,independentreserve,106203.01,106283.87,106321.99,50,false,106815.2893
2026-04-20T20:33:55.008Z,kraken,106331.9,106358.1,106369.1,80,false,107208.9648
2026-04-20T20:33:55.008Z,okx,106289.1,106289.3,106105,70,false,107033.3251
2026-04-20T20:33:55.008Z,pepperstone,106170.5,106377.6,106274.05,10,false,106483.9776
2026-04-20T20:33:55.008Z,swyftx,105685.01547806,106787.29585732,106236.15566769,0,true,106787.2959
2026-04-21T01:18:04.110Z,coinspot,106004.46,106241,106004.46,100,false,107303.4100
2026-04-21T01:18:04.110Z,independentreserve,105963.29,106058.99,106177.99,50,false,106589.2850
2026-04-21T01:18:04.110Z,kraken,106068.6,106091.9,106140.9,80,false,106940.6352
2026-04-21T01:18:04.110Z,okx,106041.7,106041.8,106105,70,false,106784.0926
2026-04-21T01:18:04.110Z,pepperstone,105911.9,106104.8,106008.35,10,false,106210.9048
2026-04-21T01:18:04.110Z,swyftx,105428.89800817,106520.91238769,105974.90519793,0,true,106520.9124
2026-04-21T05:56:27.894Z,coinspot,105658.88,106074.99,106074.99,100,false,107135.7399
2026-04-21T05:56:27.894Z,independentreserve,105836.01,105910.74,105910.63,50,false,106440.2937
2026-04-21T05:56:27.894Z,kraken,105895.8,105919.7,105876.8,80,false,106767.0576
2026-04-21T05:56:27.894Z,okx,105880.1,105889,105883.7,70,false,106630.2230
2026-04-21T05:56:27.894Z,pepperstone,105763.3,105957.3,105860.3,10,false,106063.2573
2026-04-21T05:56:27.894Z,swyftx,105284.28224798,106374.40753089,105829.344889435,0,true,106374.4075
2026-04-21T09:15:45.066Z,coinspot,107000,107238.99,107000,100,false,108311.3799
2026-04-21T09:15:45.066Z,independentreserve,106950.18,107053.71,107005,50,false,107588.9785
2026-04-21T09:15:45.066Z,kraken,107097.3,107114.4,107052.7,80,false,107971.3152
2026-04-21T09:15:45.066Z,okx,107044.4,107051.8,106806.1,70,false,107801.1626
2026-04-21T09:15:45.066Z,pepperstone,106928.6,107123.1,107025.85,10,false,107230.2231
2026-04-21T09:15:45.066Z,swyftx,106426.24980863,107527.60092612,106976.92536737499,0,true,107527.6009
2026-04-21T12:55:01.751Z,coinspot,106100.01,106343,106216,100,false,107406.4300
2026-04-21T12:55:01.751Z,independentreserve,106106.03,106207.99,106052.01,50,false,106739.0299
2026-04-21T12:55:01.751Z,kraken,106190.9,106219.9,106148.6,80,false,107069.6592
2026-04-21T12:55:01.751Z,okx,106168.3,106168.4,107029.7,70,false,106911.5788
2026-04-21T12:55:01.751Z,pepperstone,106043.5,106268.6,106156.05,10,false,106374.8686
2026-04-21T12:55:01.751Z,swyftx,105584.86767597,106677.78979235,106131.32873416,0,true,106677.7898
2026-04-21T16:46:21.164Z,coinspot,106167.08,106452.31,106423.49,100,false,107516.8331
2026-04-21T16:46:21.164Z,independentreserve,106167.01,106250.99,106166.97,50,false,106782.2449
2026-04-21T16:46:21.164Z,kraken,106283.7,106299.8,106227.5,80,false,107150.1984
2026-04-21T16:46:21.164Z,okx,106285.8,106295.2,105677.9,70,false,107039.2664
2026-04-21T16:46:21.164Z,pepperstone,106146.9,106348.2,106247.54999999999,10,false,106454.5482
2026-04-21T16:46:21.164Z,swyftx,105664.39148168,106765.63311855,106215.01230011499,0,true,106765.6331
2026-04-21T20:38:32.253Z,coinspot,106000,106080.45,105792.37173,100,false,107141.2545
2026-04-21T20:38:32.253Z,independentreserve,105792.01,105864.99,106038.99,50,false,106394.3149
2026-04-21T20:38:32.253Z,kraken,105842.5,105870.3,105840.7,80,false,106717.2624
2026-04-21T20:38:32.253Z,okx,105835.1,105836.3,105322.4,70,false,106577.1541
2026-04-21T20:38:32.253Z,pepperstone,105698.7,105900.6,105799.65,10,false,106006.5006
2026-04-21T20:38:32.253Z,swyftx,105248.7703766,106338.19492258,105793.48264959,0,true,106338.1949
2026-04-22T01:16:31.479Z,coinspot,106461.81,106500,106500,100,false,107565.0000
2026-04-22T01:16:31.479Z,independentreserve,106535,106638,106628.73,50,false,107171.1900
2026-04-22T01:16:31.479Z,kraken,106712.2,106732.5,106749,80,false,107586.3600
2026-04-22T01:16:31.479Z,okx,106686.7,106696,105432,70,false,107442.8720
2026-04-22T01:16:31.479Z,pepperstone,106551.8,106736.6,106644.20000000001,10,false,106843.3366
2026-04-22T01:16:31.479Z,swyftx,106079.74165434,107185.50493798,106632.62329616,0,true,107185.5049
2026-04-22T05:54:16.029Z,coinspot,108501.64,108992.82,108999,100,false,110082.7482
2026-04-22T05:54:16.029Z,independentreserve,108696,108772.89,108960.99,50,false,109316.7544
2026-04-22T05:54:16.029Z,kraken,108818.7,108840.4,109004.3,80,false,109711.1232
2026-04-22T05:54:16.029Z,okx,108792.7,108792.8,109144.3,70,false,109554.3496
2026-04-22T05:54:16.029Z,pepperstone,108655.9,108835.4,108745.65,10,false,108944.2354
2026-04-22T05:54:16.029Z,swyftx,108218.4382801,109339.17361071,108778.80594540501,0,true,109339.1736
2026-04-22T09:09:48.447Z,coinspot,108999,109000,109000,100,false,110090.0000
2026-04-22T09:09:48.447Z,independentreserve,108896,108997.99,108941.98,50,false,109542.9799
2026-04-22T09:09:48.447Z,kraken,108990.1,109000,108933.5,80,false,109872.0000
2026-04-22T09:09:48.447Z,okx,108958.8,108958.9,109036.3,70,false,109721.6123
2026-04-22T09:09:48.447Z,pepperstone,108866.4,109044.9,108955.65,10,false,109153.9449
2026-04-22T09:09:48.447Z,swyftx,108348.6456968,109470.53749091,108909.591593855,0,true,109470.5375
2026-04-22T12:55:29.208Z,coinspot,109400.71,109652.37,109638.48,100,false,110748.8937
2026-04-22T12:55:29.208Z,independentreserve,109290.04,109358.97,109291.01,50,false,109905.7648
2026-04-22T12:55:29.208Z,kraken,109531.6,109553.6,109579.1,80,false,110430.0288
2026-04-22T12:55:29.208Z,okx,109496,109885,109440.1,70,false,110654.1950
2026-04-22T12:55:29.208Z,pepperstone,109380.5,109570.1,109475.3,10,false,109679.6701
2026-04-22T12:55:29.208Z,swyftx,108888.67382406,110015.46826962,109452.07104683999,0,true,110015.4683
2026-04-22T16:47:30.533Z,coinspot,110001,110209.39,110250,100,false,111311.4839
2026-04-22T16:47:30.533Z,independentreserve,109893.01,109971.99,110002.99,50,false,110521.8499
2026-04-22T16:47:30.533Z,kraken,110125.2,110156.9,110143,80,false,111038.1552
2026-04-22T16:47:30.533Z,okx,110121.3,110121.4,110944.1,70,false,110892.2498
2026-04-22T16:47:30.533Z,pepperstone,110031.7,110228.8,110130.25,10,false,110339.0288
2026-04-22T16:47:30.533Z,swyftx,109524.59020658,110658.23417688,110091.41219172999,0,true,110658.2342
2026-04-22T20:41:13.554Z,coinspot,109400.01,109700,109783.6,100,false,110797.0000
2026-04-22T20:41:13.554Z,independentreserve,109503.01,109578.15,109485.03,50,false,110126.0407
2026-04-22T20:41:13.554Z,kraken,109732.1,109749.2,109772.4,80,false,110627.1936
2026-04-22T20:41:13.554Z,okx,109748.1,109748.2,109886.3,70,false,110516.4374
2026-04-22T20:41:13.554Z,pepperstone,109637.1,109841.7,109739.4,10,false,109951.5417
2026-04-22T20:41:13.554Z,swyftx,109173.96212499,110311.997545,109742.979834995,0,true,110311.9975
2026-04-23T01:21:35.609Z,coinspot,109029.62,109485.96,109411.98,100,false,110580.8196
2026-04-23T01:21:35.609Z,independentreserve,109216.01,109299,109288,50,false,109845.4950
2026-04-23T01:21:35.609Z,kraken,109276.7,109290.2,109214.6,80,false,110164.5216
2026-04-23T01:21:35.609Z,okx,109287.8,109287.9,109516.6,70,false,110052.9153
2026-04-23T01:21:35.609Z,pepperstone,109179.4,109373.4,109276.4,10,false,109482.7734
2026-04-23T01:21:35.609Z,swyftx,108605.82733659,109729.96168828,109167.894512435,0,true,109729.9617
2026-04-23T05:58:08.346Z,coinspot,109063.62,109268.73,109268.81,100,false,110361.4173
2026-04-23T05:58:08.346Z,independentreserve,108899.81,108991.31,109029.4,50,false,109536.2665
2026-04-23T05:58:08.346Z,kraken,109078.9,109103,109095.6,80,false,109975.8240
2026-04-23T05:58:08.346Z,okx,109107,109112.1,109002,70,false,109875.8847
2026-04-23T05:58:08.346Z,pepperstone,108978,109165.9,109071.95,10,false,109275.0659
2026-04-23T05:58:08.346Z,swyftx,108530.09082732,109661.17837534,109095.63460133,0,true,109661.1784
2026-04-23T09:16:26.266Z,coinspot,108537.3,108870.93,108780.96,100,false,109959.6393
2026-04-23T09:16:26.266Z,independentreserve,108589.02,108655,108653.98,50,false,109198.2750
2026-04-23T09:16:26.266Z,kraken,108643.1,108686.8,108646.2,80,false,109556.2944
2026-04-23T09:16:26.266Z,okx,108656.1,108656.3,109062.4,70,false,109416.8941
2026-04-23T09:16:26.266Z,pepperstone,108525.5,108713.1,108619.3,10,false,108821.8131
2026-04-23T09:16:26.266Z,swyftx,108021.88206595,109139.61235269,108580.74720932,0,true,109139.6124
2026-04-23T12:55:07.988Z,coinspot,108682.63,109016.97,109022.97,100,false,110107.1397
2026-04-23T12:55:07.988Z,independentreserve,108758.03,108862,108812.73,50,false,109406.3100
2026-04-23T12:55:07.988Z,kraken,108861.3,108872.1,108676.8,80,false,109743.0768
2026-04-23T12:55:07.988Z,okx,108820.2,108820.4,108454.2,70,false,109582.1428
2026-04-23T12:55:07.988Z,pepperstone,108709.1,108901.3,108805.20000000001,10,false,109010.2013
2026-04-23T12:55:07.988Z,swyftx,108206.68312213,109334.02974532,108770.356433725,0,true,109334.0297
2026-04-23T17:06:59.415Z,coinspot,109000,109248.06,109275.6,100,false,110340.5406
2026-04-23T17:06:59.415Z,independentreserve,109058,109148,109355,50,false,109693.7400
2026-04-23T17:06:59.415Z,kraken,109130.7,109162.6,109060.5,80,false,110035.9008
2026-04-23T17:06:59.415Z,okx,109057.1,109126.9,109591.4,70,false,109890.7883
2026-04-23T17:06:59.415Z,pepperstone,108970.7,109160.1,109065.4,10,false,109269.2601
2026-04-23T17:06:59.415Z,swyftx,108468.21787218,109590.41480385,109029.31633801499,0,true,109590.4148
2026-04-23T20:41:54.035Z,coinspot,109467,109700,109310,100,false,110797.0000
2026-04-23T20:41:54.035Z,independentreserve,109404.16,109509.6,109416.63,50,false,110057.1480
2026-04-23T20:41:54.035Z,kraken,109408.8,109408.9,109399.1,80,false,110284.1712
2026-04-23T20:41:54.035Z,okx,109424.5,109491.8,109591.4,70,false,110258.2426
2026-04-23T20:41:54.035Z,pepperstone,109348,109542.8,109445.4,10,false,109652.3428
2026-04-23T20:41:54.035Z,swyftx,108880.21229193,110006.13762657,109443.17495925,0,true,110006.1376
2026-04-24T01:21:07.167Z,coinspot,109610,109748.79,109747.47,100,false,110846.2779
2026-04-24T01:21:07.167Z,independentreserve,109471,109572.99,109569.98,50,false,110120.8549
2026-04-24T01:21:07.167Z,kraken,109600,109600.1,109600.1,80,false,110476.9008
2026-04-24T01:21:07.167Z,okx,109463.4,109538.7,109727.8,70,false,110305.4709
2026-04-24T01:21:07.167Z,pepperstone,109383.9,109566.8,109475.35,10,false,109676.3668
2026-04-24T01:21:07.167Z,swyftx,108917.31441279,110043.73625124,109480.52533201501,0,true,110043.7363
2026-04-24T06:01:54.217Z,coinspot,109245.91,109596.06,109504.19,100,false,110692.0206
2026-04-24T06:01:54.217Z,independentreserve,109327.05,109424,109949.26,50,false,109971.1200
2026-04-24T06:01:54.217Z,kraken,109448.3,109478,109506,80,false,110353.8240
2026-04-24T06:01:54.217Z,okx,109326.8,109396.1,110018.8,70,false,110161.8727
2026-04-24T06:01:54.217Z,pepperstone,109201.6,109448.4,109325,10,false,109557.8484
2026-04-24T06:01:54.217Z,swyftx,108829.33498506,109954.71616713,109392.02557609501,0,true,109954.7162
2026-04-24T09:21:04.170Z,coinspot,108774,108800,108774.27,100,false,109888.0000
2026-04-24T09:21:04.170Z,independentreserve,108673.04,108743.97,108189,50,false,109287.6898
2026-04-24T09:21:04.170Z,kraken,108814.9,108866.4,108875.3,80,false,109737.3312
2026-04-24T09:21:04.170Z,okx,108714.2,108780.5,108800,70,false,109541.9635
2026-04-24T09:21:04.170Z,pepperstone,108622.6,108807.7,108715.15,10,false,108916.5077
2026-04-24T09:21:04.170Z,swyftx,108199.71962542,109326.54429354,108763.13195948,0,true,109326.5443
2026-04-24T12:53:47.066Z,coinspot,109500,109684.57,109699.99,100,false,110781.4157
2026-04-24T12:53:47.066Z,independentreserve,109425.34,109592.77,109424.35,50,false,110140.7338
2026-04-24T12:53:47.066Z,kraken,109508.8,109544.6,109544.8,80,false,110420.9568
2026-04-24T12:53:47.066Z,okx,109445,109516.6,108800,70,false,110283.2162
2026-04-24T12:53:47.066Z,pepperstone,109351.1,109560.5,109455.8,10,false,109670.0605
2026-04-24T12:53:47.066Z,swyftx,108862.10487156,109995.92722019,109429.016045875,0,true,109995.9272
2026-04-24T16:42:54.494Z,coinspot,108758,108845.36,108774,100,false,109933.8136
2026-04-24T16:42:54.494Z,independentreserve,108584.5,108656.77,108584.5,50,false,109200.0538
2026-04-24T16:42:54.494Z,kraken,108654.9,108660.7,108649.3,80,false,109529.9856
2026-04-24T16:42:54.494Z,okx,108598.6,108669,108800,70,false,109429.6830
2026-04-24T16:42:54.494Z,pepperstone,108506.1,108701,108603.55,10,false,108809.7010
2026-04-24T16:42:54.494Z,swyftx,108028.47415277,109146.40566322,108587.439907995,0,true,109146.4057
2026-04-24T20:33:46.136Z,coinspot,108600,108830.78,108783.96,100,false,109919.0878
2026-04-24T20:33:46.136Z,independentreserve,108547.14,108625.99,108583,50,false,109169.1199
2026-04-24T20:33:46.136Z,kraken,108562.3,108581.3,108558,80,false,109449.9504
2026-04-24T20:33:46.136Z,okx,108519.2,108581.1,108800,70,false,109341.1677
2026-04-24T20:33:46.136Z,pepperstone,108429.9,108627.9,108528.9,10,false,108736.5279
2026-04-24T20:33:46.136Z,swyftx,107953.65167507,109078.55802767,108516.10485137001,0,true,109078.5580
2026-04-25T01:14:29.569Z,coinspot,108550,108599.8,108599.8,100,false,109685.7980
2026-04-25T01:14:29.569Z,independentreserve,108385.5,108618.63,108341,50,false,109161.7231
2026-04-25T01:14:29.569Z,kraken,108504,108504.1,108485.7,80,false,109372.1328
2026-04-25T01:14:29.569Z,okx,108318.8,108665.7,108522.9,70,false,109426.3599
2026-04-25T01:14:29.569Z,pepperstone,108428.9,108622.1,108525.5,10,false,108730.7221
2026-04-25T01:14:29.569Z,swyftx,107831.02589164,109102.46666847,108466.746280055,0,true,109102.4667
2026-04-25T05:42:20.441Z,coinspot,108851,109078.13,108851,100,false,110168.9113
2026-04-25T05:42:20.441Z,independentreserve,108600,108736.41,108600,50,false,109280.0920
2026-04-25T05:42:20.441Z,kraken,108597.6,108600.9,108587,80,false,109469.7072
2026-04-25T05:42:20.441Z,okx,108284.9,108719,108844.1,70,false,109480.0330
2026-04-25T05:42:20.441Z,pepperstone,108524.7,108709.9,108617.29999999999,10,false,108818.6099
2026-04-25T05:42:20.441Z,swyftx,107969.9783167,109242.90660497,108606.44246083501,0,true,109242.9066
2026-04-25T08:39:34.589Z,coinspot,108750,108998.43,108999.96,100,false,110088.4143
2026-04-25T08:39:34.589Z,independentreserve,108614.1,108780.47,108602.26,50,false,109324.3723
2026-04-25T08:39:34.589Z,kraken,108764.5,108776.4,108784.8,80,false,109646.6112
2026-04-25T08:39:34.589Z,okx,108522.2,108864.3,108844.1,70,false,109626.3501
2026-04-25T08:39:34.589Z,pepperstone,108705,108887.2,108796.1,10,false,108996.0872
2026-04-25T08:39:34.589Z,swyftx,108150.2706075,109425.17313005,108787.721868775,0,true,109425.1731
2026-04-25T12:35:08.851Z,coinspot,108750.4,108992.98,108995.36,100,false,110082.9098
2026-04-25T12:35:08.851Z,independentreserve,108593.26,108827.1,109447.91,50,false,109371.2355
2026-04-25T12:35:08.851Z,kraken,108718.4,108742.8,108725.3,80,false,109612.7424
2026-04-25T12:35:08.851Z,okx,108360.6,108794.9,108794.9,70,false,109556.4643
2026-04-25T12:35:08.851Z,pepperstone,108500,109024.7,108762.35,10,false,109133.7247
2026-04-25T12:35:08.851Z,swyftx,108093.12713441,109359.53584604,108726.331490225,0,true,109359.5358
2026-04-25T16:28:10.757Z,coinspot,108700.53,108784.62,108856.11,100,false,109872.4662
2026-04-25T16:28:10.757Z,independentreserve,108500.27,108631.85,108676.46,50,false,109175.0092
2026-04-25T16:28:10.757Z,kraken,108434.7,108451.4,108504.3,80,false,109319.0112
2026-04-25T16:28:10.757Z,okx,108222.2,108474.1,108575.9,70,false,109233.4187
2026-04-25T16:28:10.757Z,pepperstone,108409.9,108600.8,108505.35,10,false,108709.4008
2026-04-25T16:28:10.757Z,swyftx,107845.85226547,109179.08357408,108512.467919775,0,true,109179.0836
2026-04-25T20:25:59.355Z,coinspot,108512.3,108758,108757.99,100,false,109845.5800
2026-04-25T20:25:59.355Z,independentreserve,108376.5,108687.18,108330,50,false,109230.6159
2026-04-25T20:25:59.355Z,kraken,108454.9,108460.6,108460.6,80,false,109328.2848
2026-04-25T20:25:59.355Z,okx,108200,108724.8,108200,70,false,109485.8736
2026-04-25T20:25:59.355Z,pepperstone,108436.3,108622.9,108529.6,10,false,108731.5229
2026-04-25T20:25:59.355Z,swyftx,107852.7413739,109193.96967211,108523.35552300501,0,true,109193.9697
2026-04-26T01:23:09.383Z,coinspot,108658.01,108660,108660,100,false,109746.6000
2026-04-26T01:23:09.383Z,independentreserve,108800.01,108984,108884.45,50,false,109528.9200
2026-04-26T01:23:09.383Z,kraken,108676.8,108697.5,108659,80,false,109567.0800
2026-04-26T01:23:09.383Z,okx,108368,108723.1,108629.3,70,false,109484.1617
2026-04-26T01:23:09.383Z,pepperstone,108626.8,108835.8,108731.3,10,false,108944.6358
2026-04-26T01:23:09.383Z,swyftx,108018.28476976,109392.70844691,108705.496608335,0,true,109392.7084
2026-04-26T05:59:59.375Z,coinspot,109500,109568.42,109594.39,100,false,110664.1042
2026-04-26T05:59:59.375Z,independentreserve,109218.29,109428.75,109930.92,50,false,109975.8937
2026-04-26T05:59:59.375Z,kraken,109443.5,109443.6,109443.6,80,false,110319.1488
2026-04-26T05:59:59.375Z,okx,108973.5,109319.3,108629.3,70,false,110084.5351
2026-04-26T05:59:59.375Z,pepperstone,109332.5,109519.2,109425.85,10,false,109628.7192
2026-04-26T05:59:59.375Z,swyftx,108745.05090511,110112.64692961,109428.84891736,0,true,110112.6469
2026-04-26T08:47:41.273Z,coinspot,109500,109693.96,109500,100,false,110790.8996
2026-04-26T08:47:41.273Z,independentreserve,109321.93,109619.07,109622.09,50,false,110167.1653
2026-04-26T08:47:41.273Z,kraken,109408.9,109409.6,109415.8,80,false,110284.8768
2026-04-26T08:47:41.273Z,okx,109053.3,109398.4,109361.3,70,false,110164.1888
2026-04-26T08:47:41.273Z,pepperstone,109413,109593.7,109503.35,10,false,109703.2937
2026-04-26T08:47:41.273Z,swyftx,108832.78548077,110177.86933702,109505.32740889501,0,true,110177.8693
2026-04-26T12:36:38.361Z,coinspot,109500,109758.59,109797.89,100,false,110856.1759
2026-04-26T12:36:38.361Z,independentreserve,109238.71,109650.83,109634.65,50,false,110199.0841
2026-04-26T12:36:38.361Z,kraken,109409.6,109411.3,109412.4,80,false,110286.5904
2026-04-26T12:36:38.361Z,okx,108978.1,109303.5,109361.3,70,false,110068.6245
2026-04-26T12:36:38.361Z,pepperstone,109328.8,109513.7,109421.25,10,false,109623.2137
2026-04-26T12:36:38.361Z,swyftx,108725.51993356,110077.14165805,109401.330795805,0,true,110077.1417
2026-04-26T16:28:54.463Z,coinspot,109600,109699.99,109699.99,100,false,110796.9899
2026-04-26T16:28:54.463Z,independentreserve,109338.24,109726.6,109318,50,false,110275.2330
2026-04-26T16:28:54.463Z,kraken,109420.1,109420.2,109420.1,80,false,110295.5616
2026-04-26T16:28:54.463Z,okx,109361.3,109403.7,109361.3,70,false,110169.5259
2026-04-26T16:28:54.463Z,pepperstone,109419.6,109606.4,109513,10,false,109716.0064
2026-04-26T16:28:54.463Z,swyftx,108830.81457741,110175.80586909,109503.31022325001,0,true,110175.8059
2026-04-26T20:26:01.039Z,coinspot,109600.02,109999.94,109999.94,100,false,111099.9394
2026-04-26T20:26:01.039Z,independentreserve,109693.43,109930.98,109771.23,50,false,110480.6349
2026-04-26T20:26:01.039Z,kraken,109644.6,109644.7,109644.7,80,false,110521.8576
2026-04-26T20:26:01.039Z,okx,109200.2,110353.9,109023.8,70,false,111126.3773
2026-04-26T20:26:01.039Z,pepperstone,106355.3,112934,109644.65,10,false,113046.9340
2026-04-26T20:26:01.039Z,swyftx,109187.7582075,110544.49112408,109866.12466579,0,true,110544.4911
2026-04-27T01:24:21.308Z,coinspot,110300,110559.89,110500,100,false,111665.4889
2026-04-27T01:24:21.308Z,independentreserve,110257.02,110373,110349,50,false,110924.8650
2026-04-27T01:24:21.308Z,kraken,110297.1,110307.7,110361,80,false,111190.1616
2026-04-27T01:24:21.308Z,okx,110263,110335.3,109023.8,70,false,111107.6471
2026-04-27T01:24:21.308Z,pepperstone,110140.2,110339.6,110239.9,10,false,110449.9396
2026-04-27T01:24:21.308Z,swyftx,109750.30025619,110894.64235613,110322.47130616,0,true,110894.6424
2026-04-27T06:20:54.206Z,coinspot,108896,108898,108853,100,false,109986.9800
2026-04-27T06:20:54.206Z,independentreserve,108767.08,108835,108749,50,false,109379.1750
2026-04-27T06:20:54.206Z,kraken,108790.6,108792.6,108784,80,false,109662.9408
2026-04-27T06:20:54.206Z,okx,108709.7,108776.8,108685.4,70,false,109538.2376
2026-04-27T06:20:54.206Z,pepperstone,108575.9,108780.4,108678.15,10,false,108889.1804
2026-04-27T06:20:54.206Z,swyftx,108109.53198476,109228.79549988,108669.16374232,0,true,109228.7955
2026-04-27T10:03:08.420Z,coinspot,108825,108845.43,108848,100,false,109933.8843
2026-04-27T10:03:08.420Z,independentreserve,108550.01,108565.99,108558.03,50,false,109108.8199
2026-04-27T10:03:08.420Z,kraken,108505.9,108509.1,108509.5,80,false,109377.1728
2026-04-27T10:03:08.420Z,okx,108414.4,108470.9,108341.6,70,false,109230.1963
2026-04-27T10:03:08.420Z,pepperstone,108286.7,108473.3,108380,10,false,108581.7733
2026-04-27T10:03:08.420Z,swyftx,107833.93877886,108951.2448618,108392.59182033001,0,true,108951.2449
2026-04-27T13:13:08.760Z,coinspot,108200,108325,108328,100,false,109408.2500
2026-04-27T13:13:08.760Z,independentreserve,108170.09,108270.16,108165.12,50,false,108811.5108
2026-04-27T13:13:08.760Z,kraken,108178.4,108200.7,108192,80,false,109066.3056
2026-04-27T13:13:08.760Z,okx,108122,108186.8,108341.6,70,false,108944.1076
2026-04-27T13:13:08.760Z,pepperstone,108000.1,108185.6,108092.85,10,false,108293.7856
2026-04-27T13:13:08.760Z,swyftx,107537.28556845,108651.72805632,108094.50681238499,0,true,108651.7281
2026-04-27T17:13:22.610Z,coinspot,106527.78,106980,106555,100,false,108049.8000
2026-04-27T17:13:22.610Z,independentreserve,106844.03,106928.99,106945.96,50,false,107463.6349
2026-04-27T17:13:22.610Z,kraken,106800.1,106830.5,106887.9,80,false,107685.1440
2026-04-27T17:13:22.610Z,okx,106823.6,106879.7,107000,70,false,107627.8579
2026-04-27T17:13:22.610Z,pepperstone,106632.5,106815.2,106723.85,10,false,106922.0152
2026-04-27T17:13:22.610Z,swyftx,106208.16639151,107316.40806192,106762.28722671501,0,true,107316.4081
2026-04-27T20:48:47.730Z,coinspot,107211,107323,107289,100,false,108396.2300
2026-04-27T20:48:47.730Z,independentreserve,107239,107307,107304,50,false,107843.5350
2026-04-27T20:48:47.730Z,kraken,107220,107221,107220.1,80,false,108078.7680
2026-04-27T20:48:47.730Z,okx,107170.3,107233.1,107000,70,false,107983.7317
2026-04-27T20:48:47.730Z,pepperstone,106999.9,107185.7,107092.79999999999,10,false,107292.8857
2026-04-27T20:48:47.730Z,swyftx,106532.29819424,107636.13622294,107084.21720859,0,true,107636.1362
2026-04-28T01:30:31.692Z,coinspot,107700,107749.99,107750,100,false,108827.4899
2026-04-28T01:30:31.692Z,independentreserve,107532,107683.96,107683.97,50,false,108222.3798
2026-04-28T01:30:31.692Z,kraken,107526.9,107544.3,107507,80,false,108404.6544
2026-04-28T01:30:31.692Z,okx,107554.9,107623.6,107750,70,false,108376.9652
2026-04-28T01:30:31.692Z,pepperstone,107377.1,107579,107478.05,10,false,107686.5790
2026-04-28T01:30:31.692Z,swyftx,106944.16681791,108052.19790358,107498.182360745,0,true,108052.1979
2026-04-28T06:23:09.380Z,coinspot,107250,107525.99,107258.12,100,false,108601.2499
2026-04-28T06:23:09.380Z,independentreserve,107400.01,107414.99,107400.01,50,false,107952.0649
2026-04-28T06:23:09.380Z,kraken,107366,107370.6,107395.5,80,false,108229.5648
2026-04-28T06:23:09.380Z,okx,107321.3,107376.9,107265.3,70,false,108128.5383
2026-04-28T06:23:09.380Z,pepperstone,107154,107338.2,107246.1,10,false,107445.5382
2026-04-28T06:23:09.380Z,swyftx,106674.45133899,107779.29053473,107226.87093686,0,true,107779.2905
2026-04-28T10:03:46.156Z,coinspot,107040,107081,106988,100,false,108151.8100
2026-04-28T10:03:46.156Z,independentreserve,106898.89,106987.35,106957.9,50,false,107522.2867
2026-04-28T10:03:46.156Z,kraken,106899,106933.5,106910,80,false,107788.9680
2026-04-28T10:03:46.156Z,okx,106876.7,106917.8,107102.4,70,false,107666.2246
2026-04-28T10:03:46.156Z,pepperstone,106684.5,106870.3,106777.4,10,false,106977.1703
2026-04-28T10:03:46.156Z,swyftx,106260.98240039,107369.32861999,106815.15551019,0,true,107369.3286
2026-04-28T13:23:17.697Z,coinspot,106300,106502.99,106498.77,100,false,107568.0199
2026-04-28T13:23:17.697Z,independentreserve,106294,106357.98,106298,50,false,106889.7699
2026-04-28T13:23:17.697Z,kraken,106282.4,106300.7,106351.1,80,false,107151.1056
2026-04-28T13:23:17.697Z,okx,106353.7,106393.1,106256.1,70,false,107137.8517
2026-04-28T13:23:17.697Z,pepperstone,106166.9,106351.5,106259.2,10,false,106457.8515
2026-04-28T13:23:17.697Z,swyftx,105700.31235678,106802.36945425,106251.34090551501,0,true,106802.3695
2026-04-28T17:27:20.914Z,coinspot,105992.82,106156.19,106151.61,100,false,107217.7519
2026-04-28T17:27:20.914Z,independentreserve,105992,106067.99,105874,50,false,106598.3299
2026-04-28T17:27:20.914Z,kraken,105980.9,105991.7,105913,80,false,106839.6336
2026-04-28T17:27:20.914Z,okx,106045.7,106115.4,105800,70,false,106858.2078
2026-04-28T17:27:20.914Z,pepperstone,105840.7,106036.4,105938.54999999999,10,false,106142.4364
2026-04-28T17:27:20.914Z,swyftx,105394.11276476,106485.97097322,105940.04186899,0,true,106485.9710
2026-04-28T20:56:41.865Z,coinspot,106300,106673.97,106673.94605377,100,false,107740.7097
2026-04-28T20:56:41.865Z,independentreserve,106523,106588.76,106588.95,50,false,107121.7038
2026-04-28T20:56:41.865Z,kraken,106473.3,106482.3,106440.1,80,false,107334.1584
2026-04-28T20:56:41.865Z,okx,106351.8,106778.1,105800,70,false,107525.5467
2026-04-28T20:56:41.865Z,pepperstone,106363.1,106554,106458.55,10,false,106660.5540
2026-04-28T20:56:41.865Z,swyftx,105884.34766125,106981.35988159,106432.85377141999,0,true,106981.3599
2026-04-29T01:46:31.377Z,coinspot,106674.29,106674.96,106674.29,100,false,107741.7096
2026-04-29T01:46:31.377Z,independentreserve,106486.01,106509.03,106538.25,50,false,107041.5751
2026-04-29T01:46:31.377Z,kraken,106483.3,106499.7,106476.4,80,false,107351.6976
2026-04-29T01:46:31.377Z,okx,106546.8,106607.9,105800,70,false,107354.1553
2026-04-29T01:46:31.377Z,pepperstone,106364.2,106548.1,106456.15,10,false,106654.6481
2026-04-29T01:46:31.377Z,swyftx,105910.30381693,107007.304451,106458.804133965,0,true,107007.3045
2026-04-29T06:15:09.348Z,coinspot,108000,108105.99,108058.99,100,false,109187.0499
2026-04-29T06:15:09.348Z,independentreserve,107868,107886.93,107886.93,50,false,108426.3646
2026-04-29T06:15:09.348Z,kraken,107877.4,107882.9,107878.6,80,false,108745.9632
2026-04-29T06:15:09.348Z,okx,107963.2,108024.1,107953.9,70,false,108780.2687
2026-04-29T06:15:09.348Z,pepperstone,107783.3,107974.9,107879.1,10,false,108082.8749
2026-04-29T06:15:09.348Z,swyftx,107268.728818,108379.17542398,107823.95212099,0,true,108379.1754
2026-04-29T09:55:32.977Z,coinspot,108351.72,108750,108550,100,false,109837.5000
2026-04-29T09:55:32.977Z,independentreserve,108723.01,108774.74,109286.82,50,false,109318.6137
2026-04-29T09:55:32.977Z,kraken,108427.9,108428,108428,80,false,109295.4240
2026-04-29T09:55:32.977Z,okx,108844.4,108899.3,108787.2,70,false,109661.5951
2026-04-29T09:55:32.977Z,pepperstone,108679.3,108862.9,108771.1,10,false,108971.7629
2026-04-29T09:55:32.977Z,swyftx,108064.56388474,109190.79982726,108627.681856,0,true,109190.7998
2026-04-29T13:16:36.679Z,coinspot,108000,108114,107700,100,false,109195.1400
2026-04-29T13:16:36.679Z,independentreserve,107849,107918.45,107812.95,50,false,108458.0422
2026-04-29T13:16:36.679Z,kraken,107888.3,107904.4,107824.2,80,false,108767.6352
2026-04-29T13:16:36.679Z,okx,107987.2,108036.6,108808.8,70,false,108792.8562
2026-04-29T13:16:36.679Z,pepperstone,107801.9,107989.1,107895.5,10,false,108097.0891
2026-04-29T13:16:36.679Z,swyftx,107309.04538499,108419.85242436,107864.448904675,0,true,108419.8524
2026-04-29T17:14:00.935Z,coinspot,106418.91,107061.76,107013.1019,100,false,108132.3776
2026-04-29T17:14:00.935Z,independentreserve,106210.04,106241,106210.04,50,false,106772.2050
2026-04-29T17:14:00.935Z,kraken,106505.2,106526.8,106578.2,80,false,107379.0144
2026-04-29T17:14:00.935Z,okx,106698,106754.1,106500,70,false,107501.3787
2026-04-29T17:14:00.935Z,pepperstone,106424.1,106606.8,106515.45000000001,10,false,106713.4068
2026-04-29T17:14:00.935Z,swyftx,105978.88083988,107074.85968448,106526.87026218,0,true,107074.8597
2026-04-29T20:49:04.863Z,coinspot,106717.45,107661.24,106687.16552749,100,false,108737.8524
2026-04-29T20:49:04.863Z,independentreserve,106459.09,106538.99,106622.96,50,false,107071.6849
2026-04-29T20:49:04.863Z,kraken,106462.4,106473.2,106473.2,80,false,107324.9856
2026-04-29T20:49:04.863Z,okx,106591.8,106733.1,105625,70,false,107480.2317
2026-04-29T20:49:04.863Z,pepperstone,106327.8,106520.5,106424.15,10,false,106627.0205
2026-04-29T20:49:04.863Z,swyftx,105885.47612121,106980.19433651,106432.83522886,0,true,106980.1943
2026-04-30T01:45:31.730Z,coinspot,107060.08,107544.8,107435.53,100,false,108620.2480
2026-04-30T01:45:31.730Z,independentreserve,107169.83,107256.99,107094,50,false,107793.2749
2026-04-30T01:45:31.730Z,kraken,107143.6,107170.7,107114.3,80,false,108028.0656
2026-04-30T01:45:31.730Z,okx,107324.2,107370.4,105625,70,false,108121.9928
2026-04-30T01:45:31.730Z,pepperstone,107054.2,107256.4,107155.29999999999,10,false,107363.6564
2026-04-30T01:45:31.730Z,swyftx,106601.8110913,107704.10214471,107152.956618005,0,true,107704.1021
2026-04-30T06:20:24.392Z,coinspot,106200,106519,106499.99,100,false,107584.1900
2026-04-30T06:20:24.392Z,independentreserve,106329.07,106378.46,106445,50,false,106910.3523
2026-04-30T06:20:24.392Z,kraken,106273.7,106291,106315.7,80,false,107141.3280
2026-04-30T06:20:24.392Z,okx,106435.7,106505.4,106206.9,70,false,107250.9378
2026-04-30T06:20:24.392Z,pepperstone,106187.2,106367.4,106277.29999999999,10,false,106473.7674
2026-04-30T06:20:24.392Z,swyftx,105737.2962083,106830.40905056,106283.85262943001,0,true,106830.4091
2026-04-30T09:55:41.345Z,coinspot,106500,106735,106725,100,false,107802.3500
2026-04-30T09:55:41.345Z,independentreserve,106514,106595.18,106626.99,50,false,107128.1559
2026-04-30T09:55:41.345Z,kraken,106529.9,106532.5,106530,80,false,107384.7600
2026-04-30T09:55:41.345Z,okx,106637.4,106696.1,106835.4,70,false,107442.9727
2026-04-30T09:55:41.345Z,pepperstone,106403.1,106581.3,106492.20000000001,10,false,106687.8813
2026-04-30T09:55:41.345Z,swyftx,105939.19856769,107035.54565468,106487.37211118499,0,true,107035.5457
2026-04-30T13:15:50.915Z,coinspot,106590,106865,106863,100,false,107933.6500
2026-04-30T13:15:50.915Z,independentreserve,106673,106734.95,107249.6,50,false,107268.6247
2026-04-30T13:15:50.915Z,kraken,106639.7,106681.5,106675.3,80,false,107534.9520
2026-04-30T13:15:50.915Z,okx,106801.8,106842.3,106992.5,70,false,107590.1961
2026-04-30T13:15:50.915Z,pepperstone,106541.2,106736.4,106638.79999999999,10,false,106843.1364
2026-04-30T13:15:50.915Z,swyftx,106088.3423935,107194.1376638,106641.24002865,0,true,107194.1377
2026-04-30T17:07:10.819Z,coinspot,106250,106339,106314.5,100,false,107402.3900
2026-04-30T17:07:10.819Z,independentreserve,106119.07,106185.99,106151.97,50,false,106716.9199
2026-04-30T17:07:10.819Z,kraken,106140.9,106151.3,106159.1,80,false,107000.5104
2026-04-30T17:07:10.819Z,okx,106266.9,106329,106336.5,70,false,107073.3030
2026-04-30T17:07:10.819Z,pepperstone,106021.4,106206.8,106114.1,10,false,106313.0068
2026-04-30T17:07:10.819Z,swyftx,105551.0696962,106644.72245059,106097.896073395,0,true,106644.7225
2026-04-30T20:48:24.920Z,coinspot,106148.7,106148.71,106148.71,100,false,107210.1971
2026-04-30T20:48:24.920Z,independentreserve,106306.65,106382,106373.95,50,false,106913.9100
2026-04-30T20:48:24.920Z,kraken,106238.4,106238.5,106238.5,80,false,107088.4080
2026-04-30T20:48:24.920Z,okx,106424.8,106478.1,106356,70,false,107223.4467
2026-04-30T20:48:24.920Z,pepperstone,106154.8,106345.9,106250.35,10,false,106452.2459
2026-04-30T20:48:24.920Z,swyftx,105686.08995121,106781.74390317,106233.91692719,0,true,106781.7439
2026-05-01T01:48:12.890Z,coinspot,106500,106711,106683,100,false,107778.1100
2026-05-01T01:48:12.890Z,independentreserve,106497,106566.44,106490.14,50,false,107099.2722
2026-05-01T01:48:12.890Z,kraken,106409.5,106409.6,106407.1,80,false,107260.8768
2026-05-01T01:48:12.890Z,okx,106571.2,106639.4,106405.5,70,false,107385.8758
2026-05-01T01:48:12.890Z,pepperstone,106318.4,106502.7,106410.54999999999,10,false,106609.2027
2026-05-01T01:48:12.890Z,swyftx,105839.83162116,106937.09765,106388.46463557999,0,true,106937.0976
2026-05-01T06:30:20.275Z,coinspot,107596.53,107649.99,107664.63,100,false,108726.4899
2026-05-01T06:30:20.275Z,independentreserve,107370.09,107429,107359.62,50,false,107966.1450
2026-05-01T06:30:20.275Z,kraken,107181,107181.1,107181,80,false,108038.5488
2026-05-01T06:30:20.275Z,okx,107427.2,107498.6,107531.9,70,false,108251.0902
2026-05-01T06:30:20.275Z,pepperstone,107181.7,107363.8,107272.75,10,false,107471.1638
2026-05-01T06:30:20.275Z,swyftx,106694.72432547,107800.49220394,107247.60826470499,0,true,107800.4922
2026-05-01T09:23:41.492Z,coinspot,107218.78,107902.21,107212.01,100,false,108981.2321
2026-05-01T09:23:41.492Z,independentreserve,107601,107682.5,107601,50,false,108220.9125
2026-05-01T09:23:41.492Z,kraken,107551.6,107557.3,107546.7,80,false,108417.7584
2026-05-01T09:23:41.492Z,okx,107693.4,107743.1,107674.2,70,false,108497.3017
2026-05-01T09:23:41.492Z,pepperstone,107466.8,107652.6,107559.70000000001,10,false,107760.2526
2026-05-01T09:23:41.492Z,swyftx,106988.65987205,108097.39828725,107543.02907965,0,true,108097.3983
2026-05-01T12:50:08.825Z,coinspot,108389,108500,108500,100,false,109585.0000
2026-05-01T12:50:08.825Z,independentreserve,108362.23,108447.99,108368.24,50,false,108990.2299
2026-05-01T12:50:08.825Z,kraken,108283.1,108306.4,108279.6,80,false,109172.8512
2026-05-01T12:50:08.825Z,okx,108438.1,108480.5,107759.3,70,false,109239.8635
2026-05-01T12:50:08.825Z,pepperstone,108195.6,108379.1,108287.35,10,false,108487.4791
2026-05-01T12:50:08.825Z,swyftx,107714.107728,108830.8045639,108272.45614595001,0,true,108830.8046
2026-05-01T16:41:49.069Z,coinspot,108500,108628.23,108800,100,false,109714.5123
2026-05-01T16:41:49.069Z,independentreserve,108527.47,108603,108668,50,false,109146.0150
2026-05-01T16:41:49.069Z,kraken,108523.9,108541.4,108486.2,80,false,109409.7312
2026-05-01T16:41:49.069Z,okx,108639,108699.8,109250,70,false,109460.6986
2026-05-01T16:41:49.069Z,pepperstone,108399.4,108593.4,108496.4,10,false,108701.9934
2026-05-01T16:41:49.069Z,swyftx,108000.07056256,109120.17538375,108560.122973155,0,true,109120.1754
2026-05-01T20:39:55.037Z,coinspot,108362.51,108490.28,108525.56,100,false,109575.1828
2026-05-01T20:39:55.037Z,independentreserve,108412,108500.34,108448,50,false,109042.8417
2026-05-01T20:39:55.037Z,kraken,108452,108452.1,108453.8,80,false,109319.7168
2026-05-01T20:39:55.037Z,okx,108557.9,108616.2,109105.8,70,false,109376.5134
2026-05-01T20:39:55.037Z,pepperstone,108312.9,108494.1,108403.5,10,false,108602.5941
2026-05-01T20:39:55.037Z,swyftx,107869.51288513,108987.76350045,108428.63819279001,0,true,108987.7635
2026-05-02T01:26:10.640Z,coinspot,108512.99,108798.98,108798.98,100,false,109886.9698
2026-05-02T01:26:10.640Z,independentreserve,108503.14,108789.4,108564.51,50,false,109333.3470
2026-05-02T01:26:10.640Z,kraken,108783.3,108797.8,108743.5,80,false,109668.1824
2026-05-02T01:26:10.640Z,okx,108756.8,109125.1,108290.8,70,false,109888.9757
2026-05-02T01:26:10.640Z,pepperstone,108684.7,108867.3,108776,10,false,108976.1673
2026-05-02T01:26:10.640Z,swyftx,108100.4831226,109441.53202801,108771.007575305,0,true,109441.5320
